representation_id,method,k,seed,silhouette,calinski_harabasz,davies_bouldin,runtime_seconds,sample_rule,parameters,mean_ARI,std_ARI,min_ARI,max_ARI
R-EUCLID-standard-countryTop15-noADR-withHotel,k-means,3,42,0.17011353334990734,15308.505920881467,1.905569879378169,0.9949295520782471,full_dataset,n_init=10,0.8758588294692692,0.12949961331688944,0.710227238779124,0.99808605749173
R-EUCLID-standard-countryTop15-noADR-withHotel,k-means,3,123,0.16997925759142427,15308.534876874632,1.9040068754394002,1.0473322868347168,full_dataset,n_init=10,0.8758588294692692,0.12949961331688944,0.710227238779124,0.99808605749173
R-EUCLID-standard-countryTop15-noADR-withHotel,k-means,3,456,0.16996068863381913,15308.505920881467,1.905569879378169,0.9217236042022705,full_dataset,n_init=10,0.8758588294692692,0.12949961331688944,0.710227238779124,0.99808605749173
R-EUCLID-standard-countryTop15-noADR-withHotel,k-means,3,789,0.1685950991754622,15308.49162639354,1.9058649783966073,1.2909538745880127,full_dataset,n_init=10,0.8758588294692692,0.12949961331688944,0.710227238779124,0.99808605749173
R-EUCLID-standard-countryTop15-noADR-withHotel,k-means,3,999,0.1296109490452501,14997.633947688788,1.8501442355181623,1.0474662780761719,full_dataset,n_init=10,0.8758588294692692,0.12949961331688944,0.710227238779124,0.99808605749173
R-EUCLID-standard-countryTop15-noADR-withHotel,k-means,4,42,0.15802659360392265,15825.87854511218,1.622294621322684,1.174037218093872,full_dataset,n_init=10,0.6596318411354343,0.27689981551786413,0.19447936782113537,0.9971183970572723
R-EUCLID-standard-countryTop15-noADR-withHotel,k-means,4,123,0.15782154356516176,15825.883734377616,1.6215963407268685,1.0579512119293213,full_dataset,n_init=10,0.6596318411354343,0.27689981551786413,0.19447936782113537,0.9971183970572723
R-EUCLID-standard-countryTop15-noADR-withHotel,k-means,4,456,0.1570089310317608,15825.878844647035,1.6222850539790703,1.213942289352417,full_dataset,n_init=10,0.6596318411354343,0.27689981551786413,0.19447936782113537,0.9971183970572723
R-EUCLID-standard-countryTop15-noADR-withHotel,k-means,4,789,0.13287658732673202,14776.558850687565,1.955880460952974,1.3650007247924805,full_dataset,n_init=10,0.6596318411354343,0.27689981551786413,0.19447936782113537,0.9971183970572723
R-EUCLID-standard-countryTop15-noADR-withHotel,k-means,4,999,0.13130603510863903,14776.579108832962,1.9555310665620804,1.0989201068878174,full_dataset,n_init=10,0.6596318411354343,0.27689981551786413,0.19447936782113537,0.9971183970572723
R-EUCLID-standard-countryTop15-noADR-withHotel,k-means,5,42,0.15889011305690265,15819.871893446843,1.6758391084747366,1.258650302886963,full_dataset,n_init=10,0.7225736198708088,0.2695265697931544,0.26102313464775884,0.9967370004658654
R-EUCLID-standard-countryTop15-noADR-withHotel,k-means,5,123,0.1565456823260062,15819.86070538285,1.6753081562157082,1.1747984886169434,full_dataset,n_init=10,0.7225736198708088,0.2695265697931544,0.26102313464775884,0.9967370004658654
R-EUCLID-standard-countryTop15-noADR-withHotel,k-means,5,456,0.12864706443306834,15354.227977851542,1.803203781176618,1.2344012260437012,full_dataset,n_init=10,0.7225736198708088,0.2695265697931544,0.26102313464775884,0.9967370004658654
R-EUCLID-standard-countryTop15-noADR-withHotel,k-means,5,789,0.15725668971681508,15819.855217083084,1.6762312745761156,1.014329195022583,full_dataset,n_init=10,0.7225736198708088,0.2695265697931544,0.26102313464775884,0.9967370004658654
R-EUCLID-standard-countryTop15-noADR-withHotel,k-means,5,999,0.1584573587807949,15819.872202597255,1.6756841757172931,1.069220781326294,full_dataset,n_init=10,0.7225736198708088,0.2695265697931544,0.26102313464775884,0.9967370004658654
R-EUCLID-standard-countryTop15-noADR-withHotel,k-means,6,42,0.13888367254648995,15379.217000406126,1.7595899978549847,1.0930562019348145,full_dataset,n_init=10,0.9840597839718785,0.005642661342835916,0.9680997424282963,0.9941455463180474
R-EUCLID-standard-countryTop15-noADR-withHotel,k-means,6,123,0.13876653539988254,15379.210658771844,1.7595632444373939,1.1919264793395996,full_dataset,n_init=10,0.9840597839718785,0.005642661342835916,0.9680997424282963,0.9941455463180474
R-EUCLID-standard-countryTop15-noADR-withHotel,k-means,6,456,0.1392740822423761,15379.208966603894,1.7596876616352137,1.093475341796875,full_dataset,n_init=10,0.9840597839718785,0.005642661342835916,0.9680997424282963,0.9941455463180474
R-EUCLID-standard-countryTop15-noADR-withHotel,k-means,6,789,0.14032251168688595,15379.216581034101,1.7595944640897485,1.2560787200927734,full_dataset,n_init=10,0.9840597839718785,0.005642661342835916,0.9680997424282963,0.9941455463180474
R-EUCLID-standard-countryTop15-noADR-withHotel,k-means,6,999,0.14038035209694785,15379.211113113683,1.75963028005409,1.1241114139556885,full_dataset,n_init=10,0.9840597839718785,0.005642661342835916,0.9680997424282963,0.9941455463180474
R-EUCLID-standard-countryTop15-noADR-withHotel,k-means,7,42,0.1361315605540796,14718.22436130743,1.7772095500627494,1.412003755569458,full_dataset,n_init=10,0.9225072970257273,0.14091946205634,0.6179847002002199,0.9969126979171468
R-EUCLID-standard-countryTop15-noADR-withHotel,k-means,7,123,0.13750791583339453,14718.224621560517,1.7773259953666662,1.351651668548584,full_dataset,n_init=10,0.9225072970257273,0.14091946205634,0.6179847002002199,0.9969126979171468
R-EUCLID-standard-countryTop15-noADR-withHotel,k-means,7,456,0.13385883328132028,14718.225279992384,1.7771464537597281,1.542067289352417,full_dataset,n_init=10,0.9225072970257273,0.14091946205634,0.6179847002002199,0.9969126979171468
R-EUCLID-standard-countryTop15-noADR-withHotel,k-means,7,789,0.13713954622702637,14718.21952537684,1.777133015824061,1.4929704666137695,full_dataset,n_init=10,0.9225072970257273,0.14091946205634,0.6179847002002199,0.9969126979171468
R-EUCLID-standard-countryTop15-noADR-withHotel,k-means,7,999,0.14855147564247448,14290.70579045846,1.6903566904737275,1.6282296180725098,full_dataset,n_init=10,0.9225072970257273,0.14091946205634,0.6179847002002199,0.9969126979171468
R-EUCLID-standard-countryTop15-noADR-withHotel,k-means,8,42,0.15197541367162454,14037.347451190937,1.7029260846913639,1.8402836322784424,full_dataset,n_init=10,0.9758915764631035,0.053123686248787626,0.8135491596635649,0.9978687659081364
R-EUCLID-standard-countryTop15-noADR-withHotel,k-means,8,123,0.15119807784698852,14037.348883144192,1.7028979696610511,1.448932409286499,full_dataset,n_init=10,0.9758915764631035,0.053123686248787626,0.8135491596635649,0.9978687659081364
R-EUCLID-standard-countryTop15-noADR-withHotel,k-means,8,456,0.15283738230119015,14037.344709191153,1.7028856569488742,1.528252124786377,full_dataset,n_init=10,0.9758915764631035,0.053123686248787626,0.8135491596635649,0.9978687659081364
R-EUCLID-standard-countryTop15-noADR-withHotel,k-means,8,789,0.15333506942808459,14037.34724468562,1.7029107004084532,1.4638664722442627,full_dataset,n_init=10,0.9758915764631035,0.053123686248787626,0.8135491596635649,0.9978687659081364
R-EUCLID-standard-countryTop15-noADR-withHotel,k-means,8,999,0.12543455445174764,13416.857962356244,1.9467522750977677,1.4938793182373047,full_dataset,n_init=10,0.9758915764631035,0.053123686248787626,0.8135491596635649,0.9978687659081364
R-EUCLID-standard-countryTop15-noADR-withHotel,k-means,11,42,0.14741150458574562,11915.776355606964,1.6906997929573109,1.992569923400879,full_dataset,n_init=10,0.7804024551481278,0.08525649191482336,0.6386869682568521,0.9969179898791858
R-EUCLID-standard-countryTop15-noADR-withHotel,k-means,11,123,0.1343639175645695,11979.070407147132,1.784926587104467,2.312671184539795,full_dataset,n_init=10,0.7804024551481278,0.08525649191482336,0.6386869682568521,0.9969179898791858
R-EUCLID-standard-countryTop15-noADR-withHotel,k-means,11,456,0.15505356475777077,11865.133525668329,1.7157866994014526,2.0526933670043945,full_dataset,n_init=10,0.7804024551481278,0.08525649191482336,0.6386869682568521,0.9969179898791858
R-EUCLID-standard-countryTop15-noADR-withHotel,k-means,11,789,0.1466960191024939,11884.144790669538,1.7272512670422138,2.4501731395721436,full_dataset,n_init=10,0.7804024551481278,0.08525649191482336,0.6386869682568521,0.9969179898791858
R-EUCLID-standard-countryTop15-noADR-withHotel,k-means,11,999,0.14004950621504936,12140.572584897616,1.6191254353366908,2.164731740951538,full_dataset,n_init=10,0.7804024551481278,0.08525649191482336,0.6386869682568521,0.9969179898791858
R-EUCLID-standard-countryTop15-noADR-withHotel,k-means,14,42,0.14569234708231438,10563.038139758106,1.6955776441115336,2.4865994453430176,full_dataset,n_init=10,0.7035359336212494,0.08454871676067909,0.5123147139076508,0.9058222664095456
R-EUCLID-standard-countryTop15-noADR-withHotel,k-means,14,123,0.1488218283405477,10741.138487371343,1.6543592350450598,2.623288154602051,full_dataset,n_init=10,0.7035359336212494,0.08454871676067909,0.5123147139076508,0.9058222664095456
R-EUCLID-standard-countryTop15-noADR-withHotel,k-means,14,456,0.14016066546320477,10645.863979630481,1.7007420630012522,2.6357312202453613,full_dataset,n_init=10,0.7035359336212494,0.08454871676067909,0.5123147139076508,0.9058222664095456
R-EUCLID-standard-countryTop15-noADR-withHotel,k-means,14,789,0.14889277312199517,10669.61215097352,1.613972102468157,2.3676326274871826,full_dataset,n_init=10,0.7035359336212494,0.08454871676067909,0.5123147139076508,0.9058222664095456
R-EUCLID-standard-countryTop15-noADR-withHotel,k-means,14,999,0.1424482266685664,10665.735658966705,1.6462498372136742,2.6941721439361572,full_dataset,n_init=10,0.7035359336212494,0.08454871676067909,0.5123147139076508,0.9058222664095456
R-EUCLID-standard-countryTop15-noADR-withHotel,gmm,3,42,0.021821071793757876,5199.312735362287,4.031946213222045,18.14415431022644,full_dataset,covariance_type=full,0.22735067316996668,0.26607044005372876,0.08414391526830796,1.0
R-EUCLID-standard-countryTop15-noADR-withHotel,gmm,3,123,0.012433020199498972,4812.639096104189,4.976404383280693,15.080149173736572,full_dataset,covariance_type=full,0.22735067316996668,0.26607044005372876,0.08414391526830796,1.0
R-EUCLID-standard-countryTop15-noADR-withHotel,gmm,3,456,0.035340706470894406,6243.491486398323,4.1895992960696065,21.157541513442993,full_dataset,covariance_type=full,0.22735067316996668,0.26607044005372876,0.08414391526830796,1.0
R-EUCLID-standard-countryTop15-noADR-withHotel,gmm,3,789,0.023825060857166257,5199.312735362288,4.031946213222045,17.780057191848755,full_dataset,covariance_type=full,0.22735067316996668,0.26607044005372876,0.08414391526830796,1.0
R-EUCLID-standard-countryTop15-noADR-withHotel,gmm,3,999,0.015502709001771696,1484.1900393913138,6.417951249727731,18.103317737579346,full_dataset,covariance_type=full,0.22735067316996668,0.26607044005372876,0.08414391526830796,1.0
R-EUCLID-standard-countryTop15-noADR-withHotel,gmm,4,42,0.008790087081647543,2222.4785084763535,5.129707282499678,20.79591703414917,full_dataset,covariance_type=full,0.8253521925810997,0.21374969367082453,0.5635229389848242,0.9999556624272197
R-EUCLID-standard-countryTop15-noADR-withHotel,gmm,4,123,0.032505131347428565,3714.8651478875345,4.269081604195669,19.837627172470093,full_dataset,covariance_type=full,0.8253521925810997,0.21374969367082453,0.5635229389848242,0.9999556624272197
R-EUCLID-standard-countryTop15-noADR-withHotel,gmm,4,456,0.03126320696767306,3715.980592538185,4.268900794151554,23.579355001449585,full_dataset,covariance_type=full,0.8253521925810997,0.21374969367082453,0.5635229389848242,0.9999556624272197
R-EUCLID-standard-countryTop15-noADR-withHotel,gmm,4,789,0.031042068308173885,3714.5748886668075,4.2690947946944435,24.887887239456177,full_dataset,covariance_type=full,0.8253521925810997,0.21374969367082453,0.5635229389848242,0.9999556624272197
R-EUCLID-standard-countryTop15-noADR-withHotel,gmm,4,999,0.029829314415795827,3715.3805959371925,4.2690151257257325,24.778263568878174,full_dataset,covariance_type=full,0.8253521925810997,0.21374969367082453,0.5635229389848242,0.9999556624272197
R-EUCLID-standard-countryTop15-noADR-withHotel,gmm,5,42,0.04648465220181576,3268.676879238145,4.563608036405567,35.374621629714966,full_dataset,covariance_type=full,0.5639610226654683,0.20841088259970889,0.3329188087005695,0.9747748699409124
R-EUCLID-standard-countryTop15-noADR-withHotel,gmm,5,123,0.016966874738358707,2674.6760199760865,4.614578725520017,29.249295473098755,full_dataset,covariance_type=full,0.5639610226654683,0.20841088259970889,0.3329188087005695,0.9747748699409124
R-EUCLID-standard-countryTop15-noADR-withHotel,gmm,5,456,0.016834071220192426,3104.5792631592444,4.605458334872738,40.76832985877991,full_dataset,covariance_type=full,0.5639610226654683,0.20841088259970889,0.3329188087005695,0.9747748699409124
R-EUCLID-standard-countryTop15-noADR-withHotel,gmm,5,789,-0.004497689483519161,2473.350811973783,4.675174461057533,29.318957090377808,full_dataset,covariance_type=full,0.5639610226654683,0.20841088259970889,0.3329188087005695,0.9747748699409124
R-EUCLID-standard-countryTop15-noADR-withHotel,gmm,5,999,0.04617906675243788,3016.844354236114,4.720931889025266,37.37327194213867,full_dataset,covariance_type=full,0.5639610226654683,0.20841088259970889,0.3329188087005695,0.9747748699409124
R-EUCLID-standard-countryTop15-noADR-withHotel,gmm,6,42,0.026168683973619742,2568.4925587974153,5.05123963220799,38.92571187019348,full_dataset,covariance_type=full,0.43613403382119387,0.22300725521964726,0.15265189578584146,0.695327437638678
R-EUCLID-standard-countryTop15-noADR-withHotel,gmm,6,123,0.012733705259068685,3270.7854932925566,3.7556646768769397,39.42625713348389,full_dataset,covariance_type=full,0.43613403382119387,0.22300725521964726,0.15265189578584146,0.695327437638678
R-EUCLID-standard-countryTop15-noADR-withHotel,gmm,6,456,0.038370387882347354,2814.6231958223448,3.5584469764360622,50.35596036911011,full_dataset,covariance_type=full,0.43613403382119387,0.22300725521964726,0.15265189578584146,0.695327437638678
R-EUCLID-standard-countryTop15-noADR-withHotel,gmm,6,789,-0.014752076638799315,2117.6780529276853,5.031891981871478,48.89700770378113,full_dataset,covariance_type=full,0.43613403382119387,0.22300725521964726,0.15265189578584146,0.695327437638678
R-EUCLID-standard-countryTop15-noADR-withHotel,gmm,6,999,-0.006928697731596154,2649.9842550884414,5.578703280387907,48.244584798812866,full_dataset,covariance_type=full,0.43613403382119387,0.22300725521964726,0.15265189578584146,0.695327437638678
R-EUCLID-standard-countryTop15-noADR-withHotel,gmm,7,42,0.03386534572723433,2997.8525939181936,4.386593138979783,54.823028564453125,full_dataset,covariance_type=full,0.49318151942662247,0.11973213080416759,0.3480086489737271,0.8095960498765962
R-EUCLID-standard-countryTop15-noADR-withHotel,gmm,7,123,0.041540958253999914,3706.280927797522,3.3071876618250324,58.10716915130615,full_dataset,covariance_type=full,0.49318151942662247,0.11973213080416759,0.3480086489737271,0.8095960498765962
R-EUCLID-standard-countryTop15-noADR-withHotel,gmm,7,456,0.012177170111009017,2453.735632224257,3.9288859754888503,50.91183257102966,full_dataset,covariance_type=full,0.49318151942662247,0.11973213080416759,0.3480086489737271,0.8095960498765962
R-EUCLID-standard-countryTop15-noADR-withHotel,gmm,7,789,0.01533163226872216,3343.6071893074613,4.451988247105826,44.89847183227539,full_dataset,covariance_type=full,0.49318151942662247,0.11973213080416759,0.3480086489737271,0.8095960498765962
R-EUCLID-standard-countryTop15-noADR-withHotel,gmm,7,999,-0.011718974418443903,1993.5662882834981,4.517315376923544,45.77185845375061,full_dataset,covariance_type=full,0.49318151942662247,0.11973213080416759,0.3480086489737271,0.8095960498765962
R-EUCLID-standard-countryTop15-noADR-withHotel,gmm,8,42,0.003391353039291135,3129.7035140469034,4.3212439262195765,48.93009924888611,full_dataset,covariance_type=full,0.5386576652994984,0.24582675354865643,0.29829306838960445,1.0
R-EUCLID-standard-countryTop15-noADR-withHotel,gmm,8,123,-0.0030273602243240413,2834.7209083424477,4.172930914662118,54.92343473434448,full_dataset,covariance_type=full,0.5386576652994984,0.24582675354865643,0.29829306838960445,1.0
R-EUCLID-standard-countryTop15-noADR-withHotel,gmm,8,456,-0.025841017213401186,1872.7433226584806,4.636649498396185,73.38556432723999,full_dataset,covariance_type=full,0.5386576652994984,0.24582675354865643,0.29829306838960445,1.0
R-EUCLID-standard-countryTop15-noADR-withHotel,gmm,8,789,0.005231404773038079,3129.703514046903,4.3212439262195765,60.97752141952515,full_dataset,covariance_type=full,0.5386576652994984,0.24582675354865643,0.29829306838960445,1.0
R-EUCLID-standard-countryTop15-noADR-withHotel,gmm,8,999,-0.005110526441540032,2833.857311641052,4.174225622230921,57.991880893707275,full_dataset,covariance_type=full,0.5386576652994984,0.24582675354865643,0.29829306838960445,1.0
R-EUCLID-standard-countryTop15-noADR-withHotel,gmm,11,42,-0.013536215050591641,2571.308010774556,4.366049644825357,61.45677185058594,full_dataset,covariance_type=full,0.4313356547249437,0.13601486602272664,0.22737531047385362,0.6661816685076757
R-EUCLID-standard-countryTop15-noADR-withHotel,gmm,11,123,0.0022089445131684244,2644.9850409713,4.383656158368278,77.07776141166687,full_dataset,covariance_type=full,0.4313356547249437,0.13601486602272664,0.22737531047385362,0.6661816685076757
R-EUCLID-standard-countryTop15-noADR-withHotel,gmm,11,456,-0.003431927546195404,2094.746977571615,4.018828884522736,66.72507905960083,full_dataset,covariance_type=full,0.4313356547249437,0.13601486602272664,0.22737531047385362,0.6661816685076757
R-EUCLID-standard-countryTop15-noADR-withHotel,gmm,11,789,-0.022121588962675375,1709.2256290789435,4.496996295303749,76.56246256828308,full_dataset,covariance_type=full,0.4313356547249437,0.13601486602272664,0.22737531047385362,0.6661816685076757
R-EUCLID-standard-countryTop15-noADR-withHotel,gmm,11,999,0.009974156871894645,3397.5098932278565,4.027769056584522,57.84566116333008,full_dataset,covariance_type=full,0.4313356547249437,0.13601486602272664,0.22737531047385362,0.6661816685076757
R-EUCLID-standard-countryTop15-noADR-withHotel,gmm,14,42,-0.01000791985553896,2589.948671224105,4.024198946580338,95.15235161781311,full_dataset,covariance_type=full,0.32832356067295043,0.07987564614735813,0.21262037386373475,0.4524595292093984
R-EUCLID-standard-countryTop15-noADR-withHotel,gmm,14,123,-4.68758847918271e-06,2798.2616528888475,3.923640608233509,84.74992442131042,full_dataset,covariance_type=full,0.32832356067295043,0.07987564614735813,0.21262037386373475,0.4524595292093984
R-EUCLID-standard-countryTop15-noADR-withHotel,gmm,14,456,-0.0037612970220532796,2356.761900143885,4.233354718318487,125.51783514022827,full_dataset,covariance_type=full,0.32832356067295043,0.07987564614735813,0.21262037386373475,0.4524595292093984
R-EUCLID-standard-countryTop15-noADR-withHotel,gmm,14,789,-0.028044079814648005,2064.0877637044973,4.241963381324507,84.67448592185974,full_dataset,covariance_type=full,0.32832356067295043,0.07987564614735813,0.21262037386373475,0.4524595292093984
R-EUCLID-standard-countryTop15-noADR-withHotel,gmm,14,999,0.005532055905631014,3105.3025826226017,3.594535807151169,89.99807953834534,full_dataset,covariance_type=full,0.32832356067295043,0.07987564614735813,0.21262037386373475,0.4524595292093984
R-EUCLID-standard-countryTop15-noADR-withHotel,ik-means,14,deterministic,0.13887596311466174,10029.406587314668,1.8357580136191807,69.79380869865417,full_dataset,min_cluster_size=100,,,,
R-EUCLID-standard-countryTop15-noADR-noHotel,k-means,3,42,0.17579004732939774,16267.713569046404,1.8434321162981215,0.8527190685272217,full_dataset,n_init=10,0.9062574508375572,0.11989883717564397,0.7172237891405939,0.9981223314207417
R-EUCLID-standard-countryTop15-noADR-noHotel,k-means,3,123,0.1773419368911142,16267.713569046404,1.8434321162981213,0.866039514541626,full_dataset,n_init=10,0.9062574508375572,0.11989883717564397,0.7172237891405939,0.9981223314207417
R-EUCLID-standard-countryTop15-noADR-noHotel,k-means,3,456,0.17789745641429988,16267.723233332466,1.84156038371869,0.8417093753814697,full_dataset,n_init=10,0.9062574508375572,0.11989883717564397,0.7172237891405939,0.9981223314207417
R-EUCLID-standard-countryTop15-noADR-noHotel,k-means,3,789,0.1772975735155959,16267.685717179911,1.8402728098785879,0.8546466827392578,full_dataset,n_init=10,0.9062574508375572,0.11989883717564397,0.7172237891405939,0.9981223314207417
R-EUCLID-standard-countryTop15-noADR-noHotel,k-means,3,999,0.13601974174273535,15975.244079034364,1.83213862902917,0.7701559066772461,full_dataset,n_init=10,0.9062574508375572,0.11989883717564397,0.7172237891405939,0.9981223314207417
R-EUCLID-standard-countryTop15-noADR-noHotel,k-means,4,42,0.13890795063760655,15699.586876801404,1.8965305570349504,0.8711643218994141,full_dataset,n_init=10,0.7409711542684478,0.2411078282783475,0.5016245725013189,0.9987498608279756
R-EUCLID-standard-countryTop15-noADR-noHotel,k-means,4,123,0.16539135220591408,16968.705669315717,1.5644991247364353,1.0087764263153076,full_dataset,n_init=10,0.7409711542684478,0.2411078282783475,0.5016245725013189,0.9987498608279756
R-EUCLID-standard-countryTop15-noADR-noHotel,k-means,4,456,0.16487078030627728,16968.705334295533,1.5644986673854542,0.8812322616577148,full_dataset,n_init=10,0.7409711542684478,0.2411078282783475,0.5016245725013189,0.9987498608279756
R-EUCLID-standard-countryTop15-noADR-noHotel,k-means,4,789,0.1381916685626049,15699.52961838985,1.8967773678507152,0.8006846904754639,full_dataset,n_init=10,0.7409711542684478,0.2411078282783475,0.5016245725013189,0.9987498608279756
R-EUCLID-standard-countryTop15-noADR-noHotel,k-means,4,999,0.16571993746202138,16968.705334295533,1.564498667385454,0.7005445957183838,full_dataset,n_init=10,0.7409711542684478,0.2411078282783475,0.5016245725013189,0.9987498608279756
R-EUCLID-standard-countryTop15-noADR-noHotel,k-means,5,42,0.14048500956894502,16451.508487813262,1.7382241438209836,0.7646150588989258,full_dataset,n_init=10,0.6875364127332754,0.26104715174723925,0.39302087299336613,0.9971429130589426
R-EUCLID-standard-countryTop15-noADR-noHotel,k-means,5,123,0.1395420081658732,16451.508108208534,1.7382471734370324,0.7772183418273926,full_dataset,n_init=10,0.6875364127332754,0.26104715174723925,0.39302087299336613,0.9971429130589426
R-EUCLID-standard-countryTop15-noADR-noHotel,k-means,5,456,0.14048773595460917,16451.503782179097,1.738180153075539,0.8302757740020752,full_dataset,n_init=10,0.6875364127332754,0.26104715174723925,0.39302087299336613,0.9971429130589426
R-EUCLID-standard-countryTop15-noADR-noHotel,k-means,5,789,0.14098664504641384,16451.508055043785,1.7380333760654605,0.7916209697723389,full_dataset,n_init=10,0.6875364127332754,0.26104715174723925,0.39302087299336613,0.9971429130589426
R-EUCLID-standard-countryTop15-noADR-noHotel,k-means,5,999,0.14016235659363266,16451.4853849327,1.7384956351098702,0.878063440322876,full_dataset,n_init=10,0.6875364127332754,0.26104715174723925,0.39302087299336613,0.9971429130589426
R-EUCLID-standard-countryTop15-noADR-noHotel,k-means,6,42,0.14232910910023547,16131.394202807911,1.7192797704769378,0.94815993309021,full_dataset,n_init=10,0.9828929664555188,0.010759888981915024,0.9493589696659541,0.9955597251982391
R-EUCLID-standard-countryTop15-noADR-noHotel,k-means,6,123,0.1435439421223796,16131.391033581254,1.7193122508571772,0.8183825016021729,full_dataset,n_init=10,0.9828929664555188,0.010759888981915024,0.9493589696659541,0.9955597251982391
R-EUCLID-standard-countryTop15-noADR-noHotel,k-means,6,456,0.14437752729088346,15558.276653141562,1.7792576337617338,0.7797198295593262,full_dataset,n_init=10,0.9828929664555188,0.010759888981915024,0.9493589696659541,0.9955597251982391
R-EUCLID-standard-countryTop15-noADR-noHotel,k-means,6,789,0.14255009075457828,16131.385815999984,1.7194136433170393,0.8108384609222412,full_dataset,n_init=10,0.9828929664555188,0.010759888981915024,0.9493589696659541,0.9955597251982391
R-EUCLID-standard-countryTop15-noADR-noHotel,k-means,6,999,0.14350435504866552,16131.394202807911,1.7192797704769376,0.8102195262908936,full_dataset,n_init=10,0.9828929664555188,0.010759888981915024,0.9493589696659541,0.9955597251982391
R-EUCLID-standard-countryTop15-noADR-noHotel,k-means,7,42,0.14094105340401525,15557.930585506598,1.7249329383122258,0.9457659721374512,full_dataset,n_init=10,0.8888560300283204,0.16791861019684837,0.6048857623073957,0.9976339151200363
R-EUCLID-standard-countryTop15-noADR-noHotel,k-means,7,123,0.14137761556884865,15557.929876969618,1.7249992256503683,0.8853611946105957,full_dataset,n_init=10,0.8888560300283204,0.16791861019684837,0.6048857623073957,0.9976339151200363
R-EUCLID-standard-countryTop15-noADR-noHotel,k-means,7,456,0.14194366088910315,15557.931609021614,1.7249527711725332,0.8776266574859619,full_dataset,n_init=10,0.8888560300283204,0.16791861019684837,0.6048857623073957,0.9976339151200363
R-EUCLID-standard-countryTop15-noADR-noHotel,k-means,7,789,0.14001602422334763,15557.930700158737,1.725005006713866,0.870136022567749,full_dataset,n_init=10,0.8888560300283204,0.16791861019684837,0.6048857623073957,0.9976339151200363
R-EUCLID-standard-countryTop15-noADR-noHotel,k-means,7,999,0.1426778071218724,15557.927372504133,1.7249317495934358,0.9478988647460938,full_dataset,n_init=10,0.8888560300283204,0.16791861019684837,0.6048857623073957,0.9976339151200363
R-EUCLID-standard-countryTop15-noADR-noHotel,k-means,8,42,0.16068357857019536,14922.993441179127,1.6451354418000035,0.9529366493225098,full_dataset,n_init=10,0.9916779347668129,0.002657373573283217,0.9822848950225923,0.9967855013109819
R-EUCLID-standard-countryTop15-noADR-noHotel,k-means,8,123,0.16149848092154534,14923.068014969022,1.6457224753528203,1.1285638809204102,full_dataset,n_init=10,0.9916779347668129,0.002657373573283217,0.9822848950225923,0.9967855013109819
R-EUCLID-standard-countryTop15-noADR-noHotel,k-means,8,456,0.16061039911524516,14923.063606763786,1.6456087221978737,1.0950276851654053,full_dataset,n_init=10,0.9916779347668129,0.002657373573283217,0.9822848950225923,0.9967855013109819
R-EUCLID-standard-countryTop15-noADR-noHotel,k-means,8,789,0.15997240757569023,14923.059105482665,1.6454949350243044,1.053177833557129,full_dataset,n_init=10,0.9916779347668129,0.002657373573283217,0.9822848950225923,0.9967855013109819
R-EUCLID-standard-countryTop15-noADR-noHotel,k-means,8,999,0.16145471482375182,14923.05334694481,1.6456341047137848,1.0335838794708252,full_dataset,n_init=10,0.9916779347668129,0.002657373573283217,0.9822848950225923,0.9967855013109819
R-EUCLID-standard-countryTop15-noADR-noHotel,k-means,11,42,0.15558405672480657,12805.397682968996,1.624539484781547,1.5414836406707764,full_dataset,n_init=10,0.7907626910883742,0.09868614242828062,0.5585964963733467,0.9963596108388114
R-EUCLID-standard-countryTop15-noADR-noHotel,k-means,11,123,0.15905724004190372,12996.8513993818,1.561630769925298,1.4055225849151611,full_dataset,n_init=10,0.7907626910883742,0.09868614242828062,0.5585964963733467,0.9963596108388114
R-EUCLID-standard-countryTop15-noADR-noHotel,k-means,11,456,0.15040508209368794,12703.560895212,1.6987470462379344,1.4941203594207764,full_dataset,n_init=10,0.7907626910883742,0.09868614242828062,0.5585964963733467,0.9963596108388114
R-EUCLID-standard-countryTop15-noADR-noHotel,k-means,11,789,0.1543677434379035,13006.787446759785,1.5886345921102902,1.4728639125823975,full_dataset,n_init=10,0.7907626910883742,0.09868614242828062,0.5585964963733467,0.9963596108388114
R-EUCLID-standard-countryTop15-noADR-noHotel,k-means,11,999,0.1534779939774848,12953.233062413232,1.6485911401927915,1.715057611465454,full_dataset,n_init=10,0.7907626910883742,0.09868614242828062,0.5585964963733467,0.9963596108388114
R-EUCLID-standard-countryTop15-noADR-noHotel,k-means,14,42,0.15255210968063643,11446.63068949258,1.5874153143223728,1.635277509689331,full_dataset,n_init=10,0.791709581918449,0.06609778632483679,0.654055537977268,0.9809139339618815
R-EUCLID-standard-countryTop15-noADR-noHotel,k-means,14,123,0.1483685720332519,11512.994304691172,1.6954724390638352,1.770050048828125,full_dataset,n_init=10,0.791709581918449,0.06609778632483679,0.654055537977268,0.9809139339618815
R-EUCLID-standard-countryTop15-noADR-noHotel,k-means,14,456,0.15945336230056883,11516.679908561093,1.553219505673262,1.6798632144927979,full_dataset,n_init=10,0.791709581918449,0.06609778632483679,0.654055537977268,0.9809139339618815
R-EUCLID-standard-countryTop15-noADR-noHotel,k-means,14,789,0.12934613563855327,11652.079891070582,1.6262920108420948,1.8371639251708984,full_dataset,n_init=10,0.791709581918449,0.06609778632483679,0.654055537977268,0.9809139339618815
R-EUCLID-standard-countryTop15-noADR-noHotel,k-means,14,999,0.14633652432198946,11461.816437290101,1.6529175312549291,1.7316954135894775,full_dataset,n_init=10,0.791709581918449,0.06609778632483679,0.654055537977268,0.9809139339618815
R-EUCLID-standard-countryTop15-noADR-noHotel,gmm,3,42,-0.002136230389172216,1470.8075405709787,5.682633446619249,11.190712213516235,full_dataset,covariance_type=full,0.4365598056207423,0.38223866160663245,0.06051768861118927,1.0
R-EUCLID-standard-countryTop15-noADR-noHotel,gmm,3,123,0.028492458992227316,1882.634291050699,5.9624589512928345,11.085862159729004,full_dataset,covariance_type=full,0.4365598056207423,0.38223866160663245,0.06051768861118927,1.0
R-EUCLID-standard-countryTop15-noADR-noHotel,gmm,3,456,0.019921677804295133,5472.408018405417,3.898636369191061,13.807793617248535,full_dataset,covariance_type=full,0.4365598056207423,0.38223866160663245,0.06051768861118927,1.0
R-EUCLID-standard-countryTop15-noADR-noHotel,gmm,3,789,0.02360594339842115,5472.408018405418,3.898636369191061,19.551172494888306,full_dataset,covariance_type=full,0.4365598056207423,0.38223866160663245,0.06051768861118927,1.0
R-EUCLID-standard-countryTop15-noADR-noHotel,gmm,3,999,0.025051560802101025,5472.408018405417,3.89863636919106,16.125462770462036,full_dataset,covariance_type=full,0.4365598056207423,0.38223866160663245,0.06051768861118927,1.0
R-EUCLID-standard-countryTop15-noADR-noHotel,gmm,4,42,0.03484779147467407,3855.792316699355,4.297997133352133,18.406105279922485,full_dataset,covariance_type=full,0.6727837686783545,0.3176027403914644,0.27494678516588156,1.0
R-EUCLID-standard-countryTop15-noADR-noHotel,gmm,4,123,0.02198596182765435,3602.6974716042,4.200279332687865,22.00007462501526,full_dataset,covariance_type=full,0.6727837686783545,0.3176027403914644,0.27494678516588156,1.0
R-EUCLID-standard-countryTop15-noADR-noHotel,gmm,4,456,0.03355019061119131,3850.4876594327316,4.303397104370359,18.958732843399048,full_dataset,covariance_type=full,0.6727837686783545,0.3176027403914644,0.27494678516588156,1.0
R-EUCLID-standard-countryTop15-noADR-noHotel,gmm,4,789,0.030095339357045055,3837.300932952008,4.467806106451096,16.10287857055664,full_dataset,covariance_type=full,0.6727837686783545,0.3176027403914644,0.27494678516588156,1.0
R-EUCLID-standard-countryTop15-noADR-noHotel,gmm,4,999,0.023314400420769356,3602.6974716042,4.200279332687865,22.003624439239502,full_dataset,covariance_type=full,0.6727837686783545,0.3176027403914644,0.27494678516588156,1.0
R-EUCLID-standard-countryTop15-noADR-noHotel,gmm,5,42,0.05307530552280691,3565.7314323924015,4.295262236782985,28.54750633239746,full_dataset,covariance_type=full,0.3717256003990018,0.23346194192592581,0.17452819319995605,1.0
R-EUCLID-standard-countryTop15-noADR-noHotel,gmm,5,123,0.05455364835022162,3565.7314323924015,4.2952622367829845,21.150449514389038,full_dataset,covariance_type=full,0.3717256003990018,0.23346194192592581,0.17452819319995605,1.0
R-EUCLID-standard-countryTop15-noADR-noHotel,gmm,5,456,0.007513081554631003,4471.03555142958,5.352137086158551,24.164470434188843,full_dataset,covariance_type=full,0.3717256003990018,0.23346194192592581,0.17452819319995605,1.0
R-EUCLID-standard-countryTop15-noADR-noHotel,gmm,5,789,0.03293888815411753,2758.048786110577,4.079860988108052,18.690757989883423,full_dataset,covariance_type=full,0.3717256003990018,0.23346194192592581,0.17452819319995605,1.0
R-EUCLID-standard-countryTop15-noADR-noHotel,gmm,5,999,-0.012971361510115366,2940.584188330325,4.409129507041318,34.29358172416687,full_dataset,covariance_type=full,0.3717256003990018,0.23346194192592581,0.17452819319995605,1.0
R-EUCLID-standard-countryTop15-noADR-noHotel,gmm,6,42,-0.0009363784132226705,3100.835977695791,4.0467848503523465,38.05846571922302,full_dataset,covariance_type=full,0.5397450160424445,0.2452135740436362,0.2604091126576663,1.0
R-EUCLID-standard-countryTop15-noADR-noHotel,gmm,6,123,-0.018371080911299388,2347.471059412103,4.744785019442392,36.88627886772156,full_dataset,covariance_type=full,0.5397450160424445,0.2452135740436362,0.2604091126576663,1.0
R-EUCLID-standard-countryTop15-noADR-noHotel,gmm,6,456,0.03909193177042904,3024.7117877255223,4.535848478073022,35.80346941947937,full_dataset,covariance_type=full,0.5397450160424445,0.2452135740436362,0.2604091126576663,1.0
R-EUCLID-standard-countryTop15-noADR-noHotel,gmm,6,789,-0.019460256283464674,2479.2869730227403,5.0417975065079945,30.57179880142212,full_dataset,covariance_type=full,0.5397450160424445,0.2452135740436362,0.2604091126576663,1.0
R-EUCLID-standard-countryTop15-noADR-noHotel,gmm,6,999,0.03717405350021662,3024.711787725523,4.535848478073022,32.6012065410614,full_dataset,covariance_type=full,0.5397450160424445,0.2452135740436362,0.2604091126576663,1.0
R-EUCLID-standard-countryTop15-noADR-noHotel,gmm,7,42,-0.018100279381708554,2510.8199912717505,4.797435193604157,47.90402865409851,full_dataset,covariance_type=full,0.6817593811041709,0.14304898153617193,0.5976150205184491,1.0
R-EUCLID-standard-countryTop15-noADR-noHotel,gmm,7,123,-0.023058046695840835,2086.1837026718026,4.705913499394325,39.063276052474976,full_dataset,covariance_type=full,0.6817593811041709,0.14304898153617193,0.5976150205184491,1.0
R-EUCLID-standard-countryTop15-noADR-noHotel,gmm,7,456,-0.003964385113407136,3406.752124312319,4.072055322687727,28.539899826049805,full_dataset,covariance_type=full,0.6817593811041709,0.14304898153617193,0.5976150205184491,1.0
R-EUCLID-standard-countryTop15-noADR-noHotel,gmm,7,789,-0.026881124615924623,2208.131506932211,4.619949541752446,34.157570123672485,full_dataset,covariance_type=full,0.6817593811041709,0.14304898153617193,0.5976150205184491,1.0
R-EUCLID-standard-countryTop15-noADR-noHotel,gmm,7,999,-0.017620561439454733,2510.81999127175,4.797435193604157,47.831303358078,full_dataset,covariance_type=full,0.6817593811041709,0.14304898153617193,0.5976150205184491,1.0
R-EUCLID-standard-countryTop15-noADR-noHotel,gmm,8,42,0.006677069013283833,2880.229456871271,5.270609757122294,45.74015760421753,full_dataset,covariance_type=full,0.4155580192096842,0.24333507742595537,0.21842961219489176,0.9988513450792067
R-EUCLID-standard-countryTop15-noADR-noHotel,gmm,8,123,-0.009744469128020523,2959.019539149944,4.502277733378266,46.029080867767334,full_dataset,covariance_type=full,0.4155580192096842,0.24333507742595537,0.21842961219489176,0.9988513450792067
R-EUCLID-standard-countryTop15-noADR-noHotel,gmm,8,456,0.014062734933562967,2543.9091396035915,3.8190884635453015,39.25073862075806,full_dataset,covariance_type=full,0.4155580192096842,0.24333507742595537,0.21842961219489176,0.9988513450792067
R-EUCLID-standard-countryTop15-noADR-noHotel,gmm,8,789,-0.0026543904602452937,2511.895460355731,4.378172951010232,47.66008973121643,full_dataset,covariance_type=full,0.4155580192096842,0.24333507742595537,0.21842961219489176,0.9988513450792067
R-EUCLID-standard-countryTop15-noADR-noHotel,gmm,8,999,-0.010062902749463925,2995.341738191247,4.497367922152924,41.650226354599,full_dataset,covariance_type=full,0.4155580192096842,0.24333507742595537,0.21842961219489176,0.9988513450792067
R-EUCLID-standard-countryTop15-noADR-noHotel,gmm,11,42,-0.006735303049947689,2782.9586766042307,4.637317651166803,73.79866051673889,full_dataset,covariance_type=full,0.5935591802489664,0.15984822059925707,0.3147931027737064,0.8315244841700101
R-EUCLID-standard-countryTop15-noADR-noHotel,gmm,11,123,-0.007988227878721246,2645.3826723133507,3.739497224587103,79.29410696029663,full_dataset,covariance_type=full,0.5935591802489664,0.15984822059925707,0.3147931027737064,0.8315244841700101
R-EUCLID-standard-countryTop15-noADR-noHotel,gmm,11,456,-0.01824288725744869,2695.8259386547666,4.353391623242246,60.02229833602905,full_dataset,covariance_type=full,0.5935591802489664,0.15984822059925707,0.3147931027737064,0.8315244841700101
R-EUCLID-standard-countryTop15-noADR-noHotel,gmm,11,789,-0.013214717008044642,1962.2105843176944,4.686097954847952,78.22823548316956,full_dataset,covariance_type=full,0.5935591802489664,0.15984822059925707,0.3147931027737064,0.8315244841700101
R-EUCLID-standard-countryTop15-noADR-noHotel,gmm,11,999,-0.004441902582357656,2700.862753666527,3.6673310187935386,64.30276584625244,full_dataset,covariance_type=full,0.5935591802489664,0.15984822059925707,0.3147931027737064,0.8315244841700101
R-EUCLID-standard-countryTop15-noADR-noHotel,gmm,14,42,-0.046769003693337315,1922.3085473183874,4.594560486503403,78.40382051467896,full_dataset,covariance_type=full,0.35828060923582644,0.1479169414554458,0.16617701103094795,0.5945354376925776
R-EUCLID-standard-countryTop15-noADR-noHotel,gmm,14,123,-0.0338765261946645,1981.2237715133817,4.3352135799967835,79.92900490760803,full_dataset,covariance_type=full,0.35828060923582644,0.1479169414554458,0.16617701103094795,0.5945354376925776
R-EUCLID-standard-countryTop15-noADR-noHotel,gmm,14,456,-0.020680328732890718,1915.5672815169976,4.124396802701673,81.71097946166992,full_dataset,covariance_type=full,0.35828060923582644,0.1479169414554458,0.16617701103094795,0.5945354376925776
R-EUCLID-standard-countryTop15-noADR-noHotel,gmm,14,789,-0.019720545665779424,2498.1815057378612,4.296095281887506,93.01116228103638,full_dataset,covariance_type=full,0.35828060923582644,0.1479169414554458,0.16617701103094795,0.5945354376925776
R-EUCLID-standard-countryTop15-noADR-noHotel,gmm,14,999,-0.007541111894817188,3177.8697881589487,3.956220681791691,85.3719584941864,full_dataset,covariance_type=full,0.35828060923582644,0.1479169414554458,0.16617701103094795,0.5945354376925776
R-EUCLID-standard-countryTop15-noADR-noHotel,ik-means,13,deterministic,0.14876335895823922,11176.636984467945,1.770759330310568,57.48459982872009,full_dataset,min_cluster_size=100,,,,
R-EUCLID-robust-countryTop15-noADR-withHotel,k-means,3,42,0.14097923463187662,18502.338316602363,2.1931675516027656,0.6254987716674805,full_dataset,n_init=10,0.9923094634789447,0.0028266447049172688,0.9846479132340775,0.9979824662961002
R-EUCLID-robust-countryTop15-noADR-withHotel,k-means,3,123,0.14157397940125763,18502.345872115056,2.1928196025803075,0.644385576248169,full_dataset,n_init=10,0.9923094634789447,0.0028266447049172688,0.9846479132340775,0.9979824662961002
R-EUCLID-robust-countryTop15-noADR-withHotel,k-means,3,456,0.14240494120305222,18502.33064018546,2.191109876372945,0.6414330005645752,full_dataset,n_init=10,0.9923094634789447,0.0028266447049172688,0.9846479132340775,0.9979824662961002
R-EUCLID-robust-countryTop15-noADR-withHotel,k-means,3,789,0.14138453124269426,18502.346762547262,2.1927223984783577,0.6342706680297852,full_dataset,n_init=10,0.9923094634789447,0.0028266447049172688,0.9846479132340775,0.9979824662961002
R-EUCLID-robust-countryTop15-noADR-withHotel,k-means,3,999,0.14066931109219624,18502.33854108286,2.1916417414217633,0.6719675064086914,full_dataset,n_init=10,0.9923094634789447,0.0028266447049172688,0.9846479132340775,0.9979824662961002
R-EUCLID-robust-countryTop15-noADR-withHotel,k-means,4,42,0.13369618563475105,17200.785070259848,2.0807744087298707,0.6541810035705566,full_dataset,n_init=10,0.991404644230885,0.0031944581804383607,0.9812361744276317,0.9981652199882584
R-EUCLID-robust-countryTop15-noADR-withHotel,k-means,4,123,0.1319573012892994,17200.782633302657,2.080756114175624,0.8494207859039307,full_dataset,n_init=10,0.991404644230885,0.0031944581804383607,0.9812361744276317,0.9981652199882584
R-EUCLID-robust-countryTop15-noADR-withHotel,k-means,4,456,0.13407498373026683,17200.781873487107,2.080789370984305,0.7043776512145996,full_dataset,n_init=10,0.991404644230885,0.0031944581804383607,0.9812361744276317,0.9981652199882584
R-EUCLID-robust-countryTop15-noADR-withHotel,k-means,4,789,0.1342560082058497,17200.788053733926,2.0807776314733593,0.918133020401001,full_dataset,n_init=10,0.991404644230885,0.0031944581804383607,0.9812361744276317,0.9981652199882584
R-EUCLID-robust-countryTop15-noADR-withHotel,k-means,4,999,0.13182299619843954,17200.78645564631,2.0807651412379924,0.6730515956878662,full_dataset,n_init=10,0.991404644230885,0.0031944581804383607,0.9812361744276317,0.9981652199882584
R-EUCLID-robust-countryTop15-noADR-withHotel,k-means,5,42,0.15134238206770434,15474.07353342726,1.9556950047855388,0.8774673938751221,full_dataset,n_init=10,0.9922380553021404,0.0026239606238451364,0.9854190933914201,0.9978002577397748
R-EUCLID-robust-countryTop15-noADR-withHotel,k-means,5,123,0.15051374681014082,15474.071734489737,1.9557028764741564,0.8006346225738525,full_dataset,n_init=10,0.9922380553021404,0.0026239606238451364,0.9854190933914201,0.9978002577397748
R-EUCLID-robust-countryTop15-noADR-withHotel,k-means,5,456,0.15202597934764145,15474.05842635551,1.9558733937496133,0.7713479995727539,full_dataset,n_init=10,0.9922380553021404,0.0026239606238451364,0.9854190933914201,0.9978002577397748
R-EUCLID-robust-countryTop15-noADR-withHotel,k-means,5,789,0.15048252988721966,15474.069367763153,1.95568357624088,0.7851831912994385,full_dataset,n_init=10,0.9922380553021404,0.0026239606238451364,0.9854190933914201,0.9978002577397748
R-EUCLID-robust-countryTop15-noADR-withHotel,k-means,5,999,0.15085844853830094,15474.072395742252,1.9556979350198873,0.894383430480957,full_dataset,n_init=10,0.9922380553021404,0.0026239606238451364,0.9854190933914201,0.9978002577397748
R-EUCLID-robust-countryTop15-noADR-withHotel,k-means,6,42,0.1516079501164968,14492.945499887384,1.8616338749294457,0.9888279438018799,full_dataset,n_init=10,0.9431106467424658,0.09292616832017576,0.7432348695764182,0.9969786676537763
R-EUCLID-robust-countryTop15-noADR-withHotel,k-means,6,123,0.13912743240310033,13772.429871840493,2.0881212325836085,0.9639678001403809,full_dataset,n_init=10,0.9431106467424658,0.09292616832017576,0.7432348695764182,0.9969786676537763
R-EUCLID-robust-countryTop15-noADR-withHotel,k-means,6,456,0.1533858544287417,14492.945970917594,1.8616413944123977,1.0182976722717285,full_dataset,n_init=10,0.9431106467424658,0.09292616832017576,0.7432348695764182,0.9969786676537763
R-EUCLID-robust-countryTop15-noADR-withHotel,k-means,6,789,0.15139973116314354,14492.94602558477,1.861665457036821,1.146681308746338,full_dataset,n_init=10,0.9431106467424658,0.09292616832017576,0.7432348695764182,0.9969786676537763
R-EUCLID-robust-countryTop15-noADR-withHotel,k-means,6,999,0.15275768776511925,14492.946080955355,1.8616392032542723,1.0647711753845215,full_dataset,n_init=10,0.9431106467424658,0.09292616832017576,0.7432348695764182,0.9969786676537763
R-EUCLID-robust-countryTop15-noADR-withHotel,k-means,7,42,0.13675485513951535,13260.693803660843,2.016392748156817,1.2000081539154053,full_dataset,n_init=10,0.8796251169967446,0.1229746783145797,0.6809769880510159,0.9947981621125909
R-EUCLID-robust-countryTop15-noADR-withHotel,k-means,7,123,0.1371477736053943,13265.329393699014,2.003040676821978,1.2095966339111328,full_dataset,n_init=10,0.8796251169967446,0.1229746783145797,0.6809769880510159,0.9947981621125909
R-EUCLID-robust-countryTop15-noADR-withHotel,k-means,7,456,0.1359762781490987,13265.33461925704,2.0029995311552815,1.1114857196807861,full_dataset,n_init=10,0.8796251169967446,0.1229746783145797,0.6809769880510159,0.9947981621125909
R-EUCLID-robust-countryTop15-noADR-withHotel,k-means,7,789,0.13563001855585768,13260.632267689572,2.0182435705623822,1.0931687355041504,full_dataset,n_init=10,0.8796251169967446,0.1229746783145797,0.6809769880510159,0.9947981621125909
R-EUCLID-robust-countryTop15-noADR-withHotel,k-means,7,999,0.13832581752388481,13265.331525716849,2.0030289443663056,1.266275405883789,full_dataset,n_init=10,0.8796251169967446,0.1229746783145797,0.6809769880510159,0.9947981621125909
R-EUCLID-robust-countryTop15-noADR-withHotel,k-means,8,42,0.1398006277469924,12320.19082477021,1.9940715072570014,1.1792757511138916,full_dataset,n_init=10,0.7829553386973633,0.11974016501711146,0.6047250599498513,0.9961398323406844
R-EUCLID-robust-countryTop15-noADR-withHotel,k-means,8,123,0.14576579715795926,12279.732016728623,1.9339129061551983,1.4661390781402588,full_dataset,n_init=10,0.7829553386973633,0.11974016501711146,0.6047250599498513,0.9961398323406844
R-EUCLID-robust-countryTop15-noADR-withHotel,k-means,8,456,0.1395788161556465,12320.189469920057,1.9941012125012907,1.3691680431365967,full_dataset,n_init=10,0.7829553386973633,0.11974016501711146,0.6047250599498513,0.9961398323406844
R-EUCLID-robust-countryTop15-noADR-withHotel,k-means,8,789,0.12886206536828781,12287.22146610963,2.042239212773209,1.2829837799072266,full_dataset,n_init=10,0.7829553386973633,0.11974016501711146,0.6047250599498513,0.9961398323406844
R-EUCLID-robust-countryTop15-noADR-withHotel,k-means,8,999,0.14564019039543968,12279.727859480683,1.933431963576996,1.2576289176940918,full_dataset,n_init=10,0.7829553386973633,0.11974016501711146,0.6047250599498513,0.9961398323406844
R-EUCLID-robust-countryTop15-noADR-withHotel,k-means,11,42,0.1335588206135216,10005.092206405454,2.2316404912229832,1.5777835845947266,full_dataset,n_init=10,0.6863590754823891,0.10242250875620283,0.4652005290885564,0.9883724367684656
R-EUCLID-robust-countryTop15-noADR-withHotel,k-means,11,123,0.1356863346301227,10133.308411893362,2.0149367513898375,1.4799463748931885,full_dataset,n_init=10,0.6863590754823891,0.10242250875620283,0.4652005290885564,0.9883724367684656
R-EUCLID-robust-countryTop15-noADR-withHotel,k-means,11,456,0.1304464282462422,10215.149510228726,2.117179350842257,1.5111095905303955,full_dataset,n_init=10,0.6863590754823891,0.10242250875620283,0.4652005290885564,0.9883724367684656
R-EUCLID-robust-countryTop15-noADR-withHotel,k-means,11,789,0.12104134456626728,10178.02827089229,1.993305134902839,1.6907472610473633,full_dataset,n_init=10,0.6863590754823891,0.10242250875620283,0.4652005290885564,0.9883724367684656
R-EUCLID-robust-countryTop15-noADR-withHotel,k-means,11,999,0.1352933863260962,10152.830154865087,1.9337720382697012,1.7445471286773682,full_dataset,n_init=10,0.6863590754823891,0.10242250875620283,0.4652005290885564,0.9883724367684656
R-EUCLID-robust-countryTop15-noADR-withHotel,k-means,14,42,0.12112397374289464,8901.056838599481,2.085463594748687,1.7146732807159424,full_dataset,n_init=10,0.6929018391889231,0.10583437034223617,0.4546512734374885,0.9796689611881597
R-EUCLID-robust-countryTop15-noADR-withHotel,k-means,14,123,0.12192812085464684,8915.235145463863,2.0214435862789677,2.0802865028381348,full_dataset,n_init=10,0.6929018391889231,0.10583437034223617,0.4546512734374885,0.9796689611881597
R-EUCLID-robust-countryTop15-noADR-withHotel,k-means,14,456,0.12247680526604228,8882.340752662409,2.0481239969146343,1.7861053943634033,full_dataset,n_init=10,0.6929018391889231,0.10583437034223617,0.4546512734374885,0.9796689611881597
R-EUCLID-robust-countryTop15-noADR-withHotel,k-means,14,789,0.13195883465132158,9040.303735988819,1.9860307535960866,1.6775496006011963,full_dataset,n_init=10,0.6929018391889231,0.10583437034223617,0.4546512734374885,0.9796689611881597
R-EUCLID-robust-countryTop15-noADR-withHotel,k-means,14,999,0.11682073135753429,8950.191129902427,2.0695113189284147,1.9218454360961914,full_dataset,n_init=10,0.6929018391889231,0.10583437034223617,0.4546512734374885,0.9796689611881597
R-EUCLID-robust-countryTop15-noADR-withHotel,gmm,3,42,0.041824513784280884,3309.8459715969057,6.02778994650065,21.747954607009888,full_dataset,covariance_type=full,0.7208355063609052,0.33970476242203707,0.3042229151827057,1.0
R-EUCLID-robust-countryTop15-noADR-withHotel,gmm,3,123,0.0371976115458384,3301.037433230511,6.030113696625983,22.113223791122437,full_dataset,covariance_type=full,0.7208355063609052,0.33970476242203707,0.3042229151827057,1.0
R-EUCLID-robust-countryTop15-noADR-withHotel,gmm,3,456,0.03921707878156086,3309.8459715969047,6.02778994650065,21.737585067749023,full_dataset,covariance_type=full,0.7208355063609052,0.33970476242203707,0.3042229151827057,1.0
R-EUCLID-robust-countryTop15-noADR-withHotel,gmm,3,789,0.06743665985583476,4918.393359443369,3.3782523785616454,17.530775547027588,full_dataset,covariance_type=full,0.7208355063609052,0.33970476242203707,0.3042229151827057,1.0
R-EUCLID-robust-countryTop15-noADR-withHotel,gmm,3,999,0.03865347816268992,3301.037433230511,6.0301136966259845,18.006030321121216,full_dataset,covariance_type=full,0.7208355063609052,0.33970476242203707,0.3042229151827057,1.0
R-EUCLID-robust-countryTop15-noADR-withHotel,gmm,4,42,0.07163761655564647,3455.4553242943334,4.652904164310786,21.00852870941162,full_dataset,covariance_type=full,0.38907136807081977,0.2671165133328603,0.19484472980380504,1.0
R-EUCLID-robust-countryTop15-noADR-withHotel,gmm,4,123,0.07142515501674289,3455.4553242943343,4.652904164310785,21.09968400001526,full_dataset,covariance_type=full,0.38907136807081977,0.2671165133328603,0.19484472980380504,1.0
R-EUCLID-robust-countryTop15-noADR-withHotel,gmm,4,456,0.028591794514840015,3642.490288472579,5.509665135853576,21.929381370544434,full_dataset,covariance_type=full,0.38907136807081977,0.2671165133328603,0.19484472980380504,1.0
R-EUCLID-robust-countryTop15-noADR-withHotel,gmm,4,789,0.029098319102270145,3428.0296176355737,4.456033554287649,23.660449266433716,full_dataset,covariance_type=full,0.38907136807081977,0.2671165133328603,0.19484472980380504,1.0
R-EUCLID-robust-countryTop15-noADR-withHotel,gmm,4,999,0.04040686539898705,3759.559977435302,4.427559022906702,24.1858332157135,full_dataset,covariance_type=full,0.38907136807081977,0.2671165133328603,0.19484472980380504,1.0
R-EUCLID-robust-countryTop15-noADR-withHotel,gmm,5,42,0.06104006082481566,3771.3195316228107,3.76678658233293,40.051023960113525,full_dataset,covariance_type=full,0.4497939279123619,0.284219031357352,0.17932595717549685,1.0
R-EUCLID-robust-countryTop15-noADR-withHotel,gmm,5,123,0.03525328919327961,3049.117463314272,4.864165244682725,38.12420177459717,full_dataset,covariance_type=full,0.4497939279123619,0.284219031357352,0.17932595717549685,1.0
R-EUCLID-robust-countryTop15-noADR-withHotel,gmm,5,456,0.014568972182826084,2283.0029722792,5.3400141979953455,41.885135889053345,full_dataset,covariance_type=full,0.4497939279123619,0.284219031357352,0.17932595717549685,1.0
R-EUCLID-robust-countryTop15-noADR-withHotel,gmm,5,789,0.03375643653191034,3049.1174633142714,4.864165244682725,31.326764345169067,full_dataset,covariance_type=full,0.4497939279123619,0.284219031357352,0.17932595717549685,1.0
R-EUCLID-robust-countryTop15-noADR-withHotel,gmm,5,999,0.05854441820152162,3771.31953162281,3.766786582332931,51.17357277870178,full_dataset,covariance_type=full,0.4497939279123619,0.284219031357352,0.17932595717549685,1.0
R-EUCLID-robust-countryTop15-noADR-withHotel,gmm,6,42,0.05133877905367405,3558.1336990365344,5.223501051401827,36.74814319610596,full_dataset,covariance_type=full,0.34359841628952975,0.06759369198786849,0.2560991343760448,0.4973155011059542
R-EUCLID-robust-countryTop15-noADR-withHotel,gmm,6,123,0.03127492413164268,2727.000590592313,4.683933356497092,41.465359687805176,full_dataset,covariance_type=full,0.34359841628952975,0.06759369198786849,0.2560991343760448,0.4973155011059542
R-EUCLID-robust-countryTop15-noADR-withHotel,gmm,6,456,0.062041574098496435,3308.7022726042123,4.077268285944817,27.74786114692688,full_dataset,covariance_type=full,0.34359841628952975,0.06759369198786849,0.2560991343760448,0.4973155011059542
R-EUCLID-robust-countryTop15-noADR-withHotel,gmm,6,789,0.012120094248441583,2777.512578135686,4.570205113299518,42.46488833427429,full_dataset,covariance_type=full,0.34359841628952975,0.06759369198786849,0.2560991343760448,0.4973155011059542
R-EUCLID-robust-countryTop15-noADR-withHotel,gmm,6,999,0.01996096464928141,2871.8714580922565,5.5139773222953155,36.829333782196045,full_dataset,covariance_type=full,0.34359841628952975,0.06759369198786849,0.2560991343760448,0.4973155011059542
R-EUCLID-robust-countryTop15-noADR-withHotel,gmm,7,42,0.02237505729692769,2684.92435800337,4.636323346898235,42.13405203819275,full_dataset,covariance_type=full,0.42478570679393146,0.20104958802702558,0.27115226097107276,1.0
R-EUCLID-robust-countryTop15-noADR-withHotel,gmm,7,123,0.043221296123601545,2982.0781848633233,4.358589650643484,42.32534170150757,full_dataset,covariance_type=full,0.42478570679393146,0.20104958802702558,0.27115226097107276,1.0
R-EUCLID-robust-countryTop15-noADR-withHotel,gmm,7,456,0.043776114176363026,2982.0781848633233,4.358589650643485,46.54615497589111,full_dataset,covariance_type=full,0.42478570679393146,0.20104958802702558,0.27115226097107276,1.0
R-EUCLID-robust-countryTop15-noADR-withHotel,gmm,7,789,0.047697943670578585,4231.063288043448,3.779882456276068,37.84059548377991,full_dataset,covariance_type=full,0.42478570679393146,0.20104958802702558,0.27115226097107276,1.0
R-EUCLID-robust-countryTop15-noADR-withHotel,gmm,7,999,0.030484171186760233,3541.985764866797,4.6666170736479184,37.020684480667114,full_dataset,covariance_type=full,0.42478570679393146,0.20104958802702558,0.27115226097107276,1.0
R-EUCLID-robust-countryTop15-noADR-withHotel,gmm,8,42,0.02193916678719378,3115.4849364297197,4.256384968961952,65.11863160133362,full_dataset,covariance_type=full,0.3883441570933485,0.17709879767466696,0.1916478217490283,0.8053551460285973
R-EUCLID-robust-countryTop15-noADR-withHotel,gmm,8,123,0.013872887696499409,2480.563493142883,4.733419447852588,62.173091173172,full_dataset,covariance_type=full,0.3883441570933485,0.17709879767466696,0.1916478217490283,0.8053551460285973
R-EUCLID-robust-countryTop15-noADR-withHotel,gmm,8,456,0.01997243773208635,2503.1486217315555,4.405601390770723,64.28577852249146,full_dataset,covariance_type=full,0.3883441570933485,0.17709879767466696,0.1916478217490283,0.8053551460285973
R-EUCLID-robust-countryTop15-noADR-withHotel,gmm,8,789,0.04105507606167315,3934.793227169284,3.631547199065827,50.919774770736694,full_dataset,covariance_type=full,0.3883441570933485,0.17709879767466696,0.1916478217490283,0.8053551460285973
R-EUCLID-robust-countryTop15-noADR-withHotel,gmm,8,999,0.054000306356124655,3766.0740426815873,3.8934813741166714,44.11567831039429,full_dataset,covariance_type=full,0.3883441570933485,0.17709879767466696,0.1916478217490283,0.8053551460285973
R-EUCLID-robust-countryTop15-noADR-withHotel,gmm,11,42,0.001963191746782619,1898.594869009644,4.790101832029489,84.03160667419434,full_dataset,covariance_type=full,0.3754301518466937,0.10049413504321973,0.2155347122703729,0.5168087413821603
R-EUCLID-robust-countryTop15-noADR-withHotel,gmm,11,123,0.003502975219161642,1930.9471068316216,4.740611294966194,76.03395247459412,full_dataset,covariance_type=full,0.3754301518466937,0.10049413504321973,0.2155347122703729,0.5168087413821603
R-EUCLID-robust-countryTop15-noADR-withHotel,gmm,11,456,0.013134098066701436,2243.9090955652514,4.431982863079099,71.87684845924377,full_dataset,covariance_type=full,0.3754301518466937,0.10049413504321973,0.2155347122703729,0.5168087413821603
R-EUCLID-robust-countryTop15-noADR-withHotel,gmm,11,789,0.011099121641278168,2551.016436432081,4.745730099826414,87.06134819984436,full_dataset,covariance_type=full,0.3754301518466937,0.10049413504321973,0.2155347122703729,0.5168087413821603
R-EUCLID-robust-countryTop15-noADR-withHotel,gmm,11,999,0.018001416678067258,2510.372481088089,4.131553803742329,77.42473721504211,full_dataset,covariance_type=full,0.3754301518466937,0.10049413504321973,0.2155347122703729,0.5168087413821603
R-EUCLID-robust-countryTop15-noADR-withHotel,gmm,14,42,0.043754050306491946,2927.518315564038,4.093628685667646,83.81838726997375,full_dataset,covariance_type=full,0.41569686290480357,0.09716356494924462,0.31160333128507,0.5835130863744081
R-EUCLID-robust-countryTop15-noADR-withHotel,gmm,14,123,0.03707690815798832,3049.2242506810753,3.935312998810089,99.86684203147888,full_dataset,covariance_type=full,0.41569686290480357,0.09716356494924462,0.31160333128507,0.5835130863744081
R-EUCLID-robust-countryTop15-noADR-withHotel,gmm,14,456,0.01835821003712518,2421.4098422705697,4.137241160792217,146.01426529884338,full_dataset,covariance_type=full,0.41569686290480357,0.09716356494924462,0.31160333128507,0.5835130863744081
R-EUCLID-robust-countryTop15-noADR-withHotel,gmm,14,789,0.024187252284536415,2921.1799964530655,4.300299951455522,105.38500809669495,full_dataset,covariance_type=full,0.41569686290480357,0.09716356494924462,0.31160333128507,0.5835130863744081
R-EUCLID-robust-countryTop15-noADR-withHotel,gmm,14,999,0.0399245698925442,2920.4159538545637,4.302121246141679,115.90036535263062,full_dataset,covariance_type=full,0.41569686290480357,0.09716356494924462,0.31160333128507,0.5835130863744081
R-EUCLID-robust-countryTop15-noADR-withHotel,ik-means,11,deterministic,0.1318436608131871,9510.424335903213,2.026704128306832,57.40083622932434,full_dataset,min_cluster_size=100,,,,
R-EUCLID-robust-countryTop15-noADR-noHotel,k-means,3,42,0.1303729668358065,18695.29353980612,2.208926575575586,0.7837884426116943,full_dataset,n_init=10,0.9177394115542976,0.22656023383677126,0.23436323172994536,0.9981150757719914
R-EUCLID-robust-countryTop15-noADR-noHotel,k-means,3,123,0.14018879460566247,18949.801782779774,2.138069128181868,0.7083244323730469,full_dataset,n_init=10,0.9177394115542976,0.22656023383677126,0.23436323172994536,0.9981150757719914
R-EUCLID-robust-countryTop15-noADR-noHotel,k-means,3,456,0.14081736238414685,18949.8135260465,2.1395421417746525,0.6556839942932129,full_dataset,n_init=10,0.9177394115542976,0.22656023383677126,0.23436323172994536,0.9981150757719914
R-EUCLID-robust-countryTop15-noADR-noHotel,k-means,3,789,0.1399975325443289,18949.803634269145,2.1381860856864026,0.7364363670349121,full_dataset,n_init=10,0.9177394115542976,0.22656023383677126,0.23436323172994536,0.9981150757719914
R-EUCLID-robust-countryTop15-noADR-noHotel,k-means,3,999,0.13929385709811762,18949.81732245519,2.139197116850951,0.7232787609100342,full_dataset,n_init=10,0.9177394115542976,0.22656023383677126,0.23436323172994536,0.9981150757719914
R-EUCLID-robust-countryTop15-noADR-noHotel,k-means,4,42,0.13808197934897978,17926.882032769136,2.0339021730274673,0.857982873916626,full_dataset,n_init=10,0.9909657544617592,0.0033125762936930636,0.9810119716143584,0.997541015376967
R-EUCLID-robust-countryTop15-noADR-noHotel,k-means,4,123,0.13828692910472315,17926.883736500055,2.033938694097692,0.7978973388671875,full_dataset,n_init=10,0.9909657544617592,0.0033125762936930636,0.9810119716143584,0.997541015376967
R-EUCLID-robust-countryTop15-noADR-noHotel,k-means,4,456,0.13766121745676888,17926.87929233868,2.0338336787782207,0.8244855403900146,full_dataset,n_init=10,0.9909657544617592,0.0033125762936930636,0.9810119716143584,0.997541015376967
R-EUCLID-robust-countryTop15-noADR-noHotel,k-means,4,789,0.13887587217260663,17926.883241692973,2.0339265302787304,0.7021112442016602,full_dataset,n_init=10,0.9909657544617592,0.0033125762936930636,0.9810119716143584,0.997541015376967
R-EUCLID-robust-countryTop15-noADR-noHotel,k-means,4,999,0.13863144374768013,17926.885520606316,2.0339107434950163,0.828324556350708,full_dataset,n_init=10,0.9909657544617592,0.0033125762936930636,0.9810119716143584,0.997541015376967
R-EUCLID-robust-countryTop15-noADR-noHotel,k-means,5,42,0.15692569234051182,16276.786805905593,1.8979468736830807,0.8529655933380127,full_dataset,n_init=10,0.968256642800309,0.07333397767434023,0.7368869894074876,0.9977393674384748
R-EUCLID-robust-countryTop15-noADR-noHotel,k-means,5,123,0.15701505939439883,16276.786805905593,1.8979468736830807,0.7850770950317383,full_dataset,n_init=10,0.968256642800309,0.07333397767434023,0.7368869894074876,0.9977393674384748
R-EUCLID-robust-countryTop15-noADR-noHotel,k-means,5,456,0.15636786609131298,16276.785832026124,1.8979464430365405,0.8472704887390137,full_dataset,n_init=10,0.968256642800309,0.07333397767434023,0.7368869894074876,0.9977393674384748
R-EUCLID-robust-countryTop15-noADR-noHotel,k-means,5,789,0.1571949066706072,16276.788059167267,1.897892208671614,0.816521167755127,full_dataset,n_init=10,0.968256642800309,0.07333397767434023,0.7368869894074876,0.9977393674384748
R-EUCLID-robust-countryTop15-noADR-noHotel,k-means,5,999,0.15743690808536798,16276.786805905593,1.8979468736830807,0.9362163543701172,full_dataset,n_init=10,0.968256642800309,0.07333397767434023,0.7368869894074876,0.9977393674384748
R-EUCLID-robust-countryTop15-noADR-noHotel,k-means,6,42,0.15215609115644455,15252.73195034764,1.8648725887067645,1.0173530578613281,full_dataset,n_init=10,0.9135721139270414,0.1126690636664216,0.5767414769416073,0.9982645041555658
R-EUCLID-robust-countryTop15-noADR-noHotel,k-means,6,123,0.1511332887312803,15252.736003821432,1.8648879617012266,1.2622904777526855,full_dataset,n_init=10,0.9135721139270414,0.1126690636664216,0.5767414769416073,0.9982645041555658
R-EUCLID-robust-countryTop15-noADR-noHotel,k-means,6,456,0.15941716829153596,15333.197084736868,1.7875469154093109,0.9044795036315918,full_dataset,n_init=10,0.9135721139270414,0.1126690636664216,0.5767414769416073,0.9982645041555658
R-EUCLID-robust-countryTop15-noADR-noHotel,k-means,6,789,0.15952321012816414,15333.190478464492,1.7876103911542838,1.2374615669250488,full_dataset,n_init=10,0.9135721139270414,0.1126690636664216,0.5767414769416073,0.9982645041555658
R-EUCLID-robust-countryTop15-noADR-noHotel,k-means,6,999,0.16052694676851229,15333.184560205309,1.7876493799790634,1.2146365642547607,full_dataset,n_init=10,0.9135721139270414,0.1126690636664216,0.5767414769416073,0.9982645041555658
R-EUCLID-robust-countryTop15-noADR-noHotel,k-means,7,42,0.15927046481286866,14137.359769268154,1.8319824561916935,1.0679759979248047,full_dataset,n_init=10,0.8128723510424221,0.13709212603574464,0.5900679352790079,0.9981950513243208
R-EUCLID-robust-countryTop15-noADR-noHotel,k-means,7,123,0.13860502513015718,14112.070808239609,1.9377758798223588,0.9624202251434326,full_dataset,n_init=10,0.8128723510424221,0.13709212603574464,0.5900679352790079,0.9981950513243208
R-EUCLID-robust-countryTop15-noADR-noHotel,k-means,7,456,0.15966068018528623,14137.358999883956,1.8320804972867488,1.2109391689300537,full_dataset,n_init=10,0.8128723510424221,0.13709212603574464,0.5900679352790079,0.9981950513243208
R-EUCLID-robust-countryTop15-noADR-noHotel,k-means,7,789,0.14097027689522154,14112.070963722705,1.937770277939199,1.302666187286377,full_dataset,n_init=10,0.8128723510424221,0.13709212603574464,0.5900679352790079,0.9981950513243208
R-EUCLID-robust-countryTop15-noADR-noHotel,k-means,7,999,0.15889053136100995,14137.359769268149,1.8319824561916935,1.2650949954986572,full_dataset,n_init=10,0.8128723510424221,0.13709212603574464,0.5900679352790079,0.9981950513243208
R-EUCLID-robust-countryTop15-noADR-noHotel,k-means,8,42,0.14389994945868687,13170.51893811336,1.9203192783172076,1.246185302734375,full_dataset,n_init=10,0.8436569487598709,0.10731597589895774,0.7185639597954657,0.9964481815498114
R-EUCLID-robust-countryTop15-noADR-noHotel,k-means,8,123,0.1454014175557317,12841.15966618504,2.022204675254792,1.2438607215881348,full_dataset,n_init=10,0.8436569487598709,0.10731597589895774,0.7185639597954657,0.9964481815498114
R-EUCLID-robust-countryTop15-noADR-noHotel,k-means,8,456,0.13398913026425477,13153.695760475226,1.9600189441275617,1.394756555557251,full_dataset,n_init=10,0.8436569487598709,0.10731597589895774,0.7185639597954657,0.9964481815498114
R-EUCLID-robust-countryTop15-noADR-noHotel,k-means,8,789,0.14333446416836337,13170.495782016882,1.9203701725272473,1.2533509731292725,full_dataset,n_init=10,0.8436569487598709,0.10731597589895774,0.7185639597954657,0.9964481815498114
R-EUCLID-robust-countryTop15-noADR-noHotel,k-means,8,999,0.14447926034529746,13170.495782016886,1.9203701725272473,1.290010690689087,full_dataset,n_init=10,0.8436569487598709,0.10731597589895774,0.7185639597954657,0.9964481815498114
R-EUCLID-robust-countryTop15-noADR-noHotel,k-means,11,42,0.11742312639672005,10928.827797016054,2.0776175100569465,1.5776586532592773,full_dataset,n_init=10,0.7643364679219363,0.11730875038677832,0.5665510571621172,0.9934696550051494
R-EUCLID-robust-countryTop15-noADR-noHotel,k-means,11,123,0.13420008135110997,10893.761423742937,1.872112747207384,1.4787542819976807,full_dataset,n_init=10,0.7643364679219363,0.11730875038677832,0.5665510571621172,0.9934696550051494
R-EUCLID-robust-countryTop15-noADR-noHotel,k-means,11,456,0.13834049132350296,10991.231194357359,1.8344175646602865,1.6251168251037598,full_dataset,n_init=10,0.7643364679219363,0.11730875038677832,0.5665510571621172,0.9934696550051494
R-EUCLID-robust-countryTop15-noADR-noHotel,k-means,11,789,0.14578687812687888,11025.99268487414,1.8066471467866991,1.4877991676330566,full_dataset,n_init=10,0.7643364679219363,0.11730875038677832,0.5665510571621172,0.9934696550051494
R-EUCLID-robust-countryTop15-noADR-noHotel,k-means,11,999,0.13116596675236128,10911.687755373836,2.080041300409979,1.5972726345062256,full_dataset,n_init=10,0.7643364679219363,0.11730875038677832,0.5665510571621172,0.9934696550051494
R-EUCLID-robust-countryTop15-noADR-noHotel,k-means,14,42,0.11285778554074134,9422.20833356927,2.102294984352906,1.9040448665618896,full_dataset,n_init=10,0.7545324419551414,0.09739319309278291,0.5852675486719323,0.9878540955997591
R-EUCLID-robust-countryTop15-noADR-noHotel,k-means,14,123,0.13218493190652147,9587.973976244493,2.014789601189613,2.399968147277832,full_dataset,n_init=10,0.7545324419551414,0.09739319309278291,0.5852675486719323,0.9878540955997591
R-EUCLID-robust-countryTop15-noADR-noHotel,k-means,14,456,0.11473375038341826,9604.901273958734,2.0140108288812297,1.7305686473846436,full_dataset,n_init=10,0.7545324419551414,0.09739319309278291,0.5852675486719323,0.9878540955997591
R-EUCLID-robust-countryTop15-noADR-noHotel,k-means,14,789,0.12237830730497362,9525.567479976551,2.004542415754674,1.9714665412902832,full_dataset,n_init=10,0.7545324419551414,0.09739319309278291,0.5852675486719323,0.9878540955997591
R-EUCLID-robust-countryTop15-noADR-noHotel,k-means,14,999,0.1258380234363184,9635.02433861268,2.0048168807420286,1.856377363204956,full_dataset,n_init=10,0.7545324419551414,0.09739319309278291,0.5852675486719323,0.9878540955997591
R-EUCLID-robust-countryTop15-noADR-noHotel,gmm,3,42,0.04579004078184104,3554.682930239592,5.104486267066583,18.928731441497803,full_dataset,covariance_type=full,0.9994829299016754,0.0004157968067943471,0.9991329449296228,1.0
R-EUCLID-robust-countryTop15-noADR-noHotel,gmm,3,123,0.045162204401593194,3574.409765003318,5.093305305848086,14.010940551757812,full_dataset,covariance_type=full,0.9994829299016754,0.0004157968067943471,0.9991329449296228,1.0
R-EUCLID-robust-countryTop15-noADR-noHotel,gmm,3,456,0.044476655705543204,3554.682930239592,5.104486267066583,15.71402096748352,full_dataset,covariance_type=full,0.9994829299016754,0.0004157968067943471,0.9991329449296228,1.0
R-EUCLID-robust-countryTop15-noADR-noHotel,gmm,3,789,0.04540564790859987,3574.409765003318,5.093305305848086,13.448877811431885,full_dataset,covariance_type=full,0.9994829299016754,0.0004157968067943471,0.9991329449296228,1.0
R-EUCLID-robust-countryTop15-noADR-noHotel,gmm,3,999,0.04550900305215503,3554.632557868945,5.103996651232772,12.920672416687012,full_dataset,covariance_type=full,0.9994829299016754,0.0004157968067943471,0.9991329449296228,1.0
R-EUCLID-robust-countryTop15-noADR-noHotel,gmm,4,42,0.030051544729552886,3918.122911412022,5.291483894572556,24.664186239242554,full_dataset,covariance_type=full,0.5516644337522192,0.3637006575142155,0.25259263471896,1.0
R-EUCLID-robust-countryTop15-noADR-noHotel,gmm,4,123,0.07818790737564214,4029.015206748863,4.684950714841695,27.46162724494934,full_dataset,covariance_type=full,0.5516644337522192,0.3637006575142155,0.25259263471896,1.0
R-EUCLID-robust-countryTop15-noADR-noHotel,gmm,4,456,0.030266416213803254,3868.9343499728284,5.327616773236106,20.876063108444214,full_dataset,covariance_type=full,0.5516644337522192,0.3637006575142155,0.25259263471896,1.0
R-EUCLID-robust-countryTop15-noADR-noHotel,gmm,4,789,0.07864442306281426,4028.6940279193104,4.6839113936724734,32.23597764968872,full_dataset,covariance_type=full,0.5516644337522192,0.3637006575142155,0.25259263471896,1.0
R-EUCLID-robust-countryTop15-noADR-noHotel,gmm,4,999,0.03110322736278885,3918.1229114120224,5.291483894572556,19.246304512023926,full_dataset,covariance_type=full,0.5516644337522192,0.3637006575142155,0.25259263471896,1.0
R-EUCLID-robust-countryTop15-noADR-noHotel,gmm,5,42,0.050677366632320024,3594.418827680396,4.183273383573045,21.31844186782837,full_dataset,covariance_type=full,0.6329097982749529,0.27718480712200744,0.31786385816456497,1.0
R-EUCLID-robust-countryTop15-noADR-noHotel,gmm,5,123,0.04902777359524217,3443.9463398132366,4.9815369295070235,28.14641284942627,full_dataset,covariance_type=full,0.6329097982749529,0.27718480712200744,0.31786385816456497,1.0
R-EUCLID-robust-countryTop15-noADR-noHotel,gmm,5,456,0.04783609868968862,3443.946339813237,4.981536929507024,25.70379877090454,full_dataset,covariance_type=full,0.6329097982749529,0.27718480712200744,0.31786385816456497,1.0
R-EUCLID-robust-countryTop15-noADR-noHotel,gmm,5,789,0.07105871512018963,3978.06443271338,3.9631044473774915,24.51106071472168,full_dataset,covariance_type=full,0.6329097982749529,0.27718480712200744,0.31786385816456497,1.0
R-EUCLID-robust-countryTop15-noADR-noHotel,gmm,5,999,0.0506745162371357,3444.3413085143693,4.98298833447097,19.448829412460327,full_dataset,covariance_type=full,0.6329097982749529,0.27718480712200744,0.31786385816456497,1.0
R-EUCLID-robust-countryTop15-noADR-noHotel,gmm,6,42,0.0704694964000178,3228.171413870172,4.375610839593651,46.627174854278564,full_dataset,covariance_type=full,0.5834167957244696,0.1668606733285484,0.4341720281289937,1.0
R-EUCLID-robust-countryTop15-noADR-noHotel,gmm,6,123,0.03829246830909925,3215.29993601411,4.624025392930763,37.2563693523407,full_dataset,covariance_type=full,0.5834167957244696,0.1668606733285484,0.4341720281289937,1.0
R-EUCLID-robust-countryTop15-noADR-noHotel,gmm,6,456,0.05635067459701246,3632.0232529090586,5.035610543265323,27.983307123184204,full_dataset,covariance_type=full,0.5834167957244696,0.1668606733285484,0.4341720281289937,1.0
R-EUCLID-robust-countryTop15-noADR-noHotel,gmm,6,789,0.05780732615426717,3669.3330993423815,4.45253638734157,31.97183060646057,full_dataset,covariance_type=full,0.5834167957244696,0.1668606733285484,0.4341720281289937,1.0
R-EUCLID-robust-countryTop15-noADR-noHotel,gmm,6,999,0.03699492527495932,3215.29993601411,4.624025392930764,52.566948652267456,full_dataset,covariance_type=full,0.5834167957244696,0.1668606733285484,0.4341720281289937,1.0
R-EUCLID-robust-countryTop15-noADR-noHotel,gmm,7,42,0.04579186572099469,4069.8496193396354,5.127278997398155,43.42034101486206,full_dataset,covariance_type=full,0.3988650318939203,0.11757801540121517,0.23235100160872288,0.6154311637827504
R-EUCLID-robust-countryTop15-noADR-noHotel,gmm,7,123,0.03289117588084847,2597.2937778145006,5.268455114486926,39.342023849487305,full_dataset,covariance_type=full,0.3988650318939203,0.11757801540121517,0.23235100160872288,0.6154311637827504
R-EUCLID-robust-countryTop15-noADR-noHotel,gmm,7,456,0.03207982988729976,3170.609553445466,4.584373516400847,52.38482594490051,full_dataset,covariance_type=full,0.3988650318939203,0.11757801540121517,0.23235100160872288,0.6154311637827504
R-EUCLID-robust-countryTop15-noADR-noHotel,gmm,7,789,0.019908245896837984,3143.3412409201683,4.772053309920826,53.31331658363342,full_dataset,covariance_type=full,0.3988650318939203,0.11757801540121517,0.23235100160872288,0.6154311637827504
R-EUCLID-robust-countryTop15-noADR-noHotel,gmm,7,999,0.071717887128781,3603.106716381335,4.465236799727386,44.19393825531006,full_dataset,covariance_type=full,0.3988650318939203,0.11757801540121517,0.23235100160872288,0.6154311637827504
R-EUCLID-robust-countryTop15-noADR-noHotel,gmm,8,42,0.06308460704383821,4085.254060073984,4.132459970782055,47.06121873855591,full_dataset,covariance_type=full,0.4658241707798959,0.10036996201763222,0.34077652511168377,0.6563466605995966
R-EUCLID-robust-countryTop15-noADR-noHotel,gmm,8,123,0.008588430241928624,3117.886066744957,4.7261016844549815,52.52012515068054,full_dataset,covariance_type=full,0.4658241707798959,0.10036996201763222,0.34077652511168377,0.6563466605995966
R-EUCLID-robust-countryTop15-noADR-noHotel,gmm,8,456,0.012770599294989587,2905.528541167886,4.941220222856769,41.1356565952301,full_dataset,covariance_type=full,0.4658241707798959,0.10036996201763222,0.34077652511168377,0.6563466605995966
R-EUCLID-robust-countryTop15-noADR-noHotel,gmm,8,789,0.06716956279154093,3033.1691644234807,4.5564949611253045,36.064436197280884,full_dataset,covariance_type=full,0.4658241707798959,0.10036996201763222,0.34077652511168377,0.6563466605995966
R-EUCLID-robust-countryTop15-noADR-noHotel,gmm,8,999,0.042399412382024625,3358.131107814196,4.004146488699913,52.888343334198,full_dataset,covariance_type=full,0.4658241707798959,0.10036996201763222,0.34077652511168377,0.6563466605995966
R-EUCLID-robust-countryTop15-noADR-noHotel,gmm,11,42,-0.000797553191658117,2784.825198923397,4.209817798931531,69.12899804115295,full_dataset,covariance_type=full,0.3551392216453134,0.14038501218905128,0.17202495922111355,0.5679934799860603
R-EUCLID-robust-countryTop15-noADR-noHotel,gmm,11,123,-0.006683822281408941,2153.4429938302883,4.557952872551523,105.85930967330933,full_dataset,covariance_type=full,0.3551392216453134,0.14038501218905128,0.17202495922111355,0.5679934799860603
R-EUCLID-robust-countryTop15-noADR-noHotel,gmm,11,456,0.020755944260719625,2934.2418451107987,4.550348742647855,59.50377106666565,full_dataset,covariance_type=full,0.3551392216453134,0.14038501218905128,0.17202495922111355,0.5679934799860603
R-EUCLID-robust-countryTop15-noADR-noHotel,gmm,11,789,0.040793738207598164,3460.7269640312934,4.67431150288019,68.97449159622192,full_dataset,covariance_type=full,0.3551392216453134,0.14038501218905128,0.17202495922111355,0.5679934799860603
R-EUCLID-robust-countryTop15-noADR-noHotel,gmm,11,999,0.035391929027982175,3169.7937606543433,4.5809705308649535,61.25747013092041,full_dataset,covariance_type=full,0.3551392216453134,0.14038501218905128,0.17202495922111355,0.5679934799860603
R-EUCLID-robust-countryTop15-noADR-noHotel,gmm,14,42,0.06181570414516346,3354.633898563032,4.318181515550928,100.75598955154419,full_dataset,covariance_type=full,0.4092657218704163,0.12077512925534731,0.2592522261367506,0.614968480583977
R-EUCLID-robust-countryTop15-noADR-noHotel,gmm,14,123,0.05291204752514004,3343.7884670772623,4.0019666457597785,96.26685738563538,full_dataset,covariance_type=full,0.4092657218704163,0.12077512925534731,0.2592522261367506,0.614968480583977
R-EUCLID-robust-countryTop15-noADR-noHotel,gmm,14,456,0.03872210573122327,2677.251463575483,4.519774128792766,95.92233538627625,full_dataset,covariance_type=full,0.4092657218704163,0.12077512925534731,0.2592522261367506,0.614968480583977
R-EUCLID-robust-countryTop15-noADR-noHotel,gmm,14,789,0.04243755526453315,2904.875160872144,4.353366084372955,105.32440161705017,full_dataset,covariance_type=full,0.4092657218704163,0.12077512925534731,0.2592522261367506,0.614968480583977
R-EUCLID-robust-countryTop15-noADR-noHotel,gmm,14,999,0.06107877491700077,3232.8345602847426,4.290500282444642,92.74151134490967,full_dataset,covariance_type=full,0.4092657218704163,0.12077512925534731,0.2592522261367506,0.614968480583977
R-EUCLID-robust-countryTop15-noADR-noHotel,ik-means,10,deterministic,0.13991580072237636,11607.85922470552,1.8790132571992681,57.599008083343506,full_dataset,min_cluster_size=100,,,,
